zigzag,year,swing_atr,feature,comparison,n_pos,n_neg,auc_hour,auc_raw,ci_day_lo,ci_day_hi,ci_swing_lo,ci_swing_hi,null_p,hanley_se,net_sum,net_per_trade,win_rate
original,2024,4,,class_EARLY,411,1976,,,,,,,,,152.563,0.3712,0.7226
original,2024,4,,class_LATE,173,1976,,,,,,,,,-23.287,-0.1346,0.2081
original,2024,4,,class_TURNED,982,1976,,,,,,,,,-87.394,-0.089,0.278
original,2024,4,,class_FALSE,410,1976,,,,,,,,,-147.115,-0.3588,0.0024
original,2024,4,r21,EARLY_vs_FALSE,411,410,0.4992,0.5117,0.4568,0.5459,0.4553,0.5418,0.9681,0.0202,,,
original,2024,4,slope6,EARLY_vs_FALSE,411,410,0.4764,0.4626,0.4325,0.5241,0.4336,0.5192,0.3134,0.0201,,,
original,2024,4,r100,EARLY_vs_FALSE,411,410,0.4909,0.4862,0.4491,0.5363,0.4495,0.538,0.6547,0.0202,,,
original,2024,4,release,EARLY_vs_FALSE,411,410,0.4922,0.4968,0.4461,0.5347,0.4433,0.5375,0.6747,0.0202,,,
original,2024,4,er14,EARLY_vs_FALSE,411,410,0.5016,0.4879,0.4573,0.5483,0.4592,0.5482,0.9481,0.0202,,,
original,2024,4,er21,EARLY_vs_FALSE,411,410,0.5249,0.5022,0.4737,0.5653,0.4812,0.5715,0.3074,0.0202,,,
original,2024,4,d_er14,EARLY_vs_FALSE,411,410,0.4976,0.485,0.453,0.5447,0.4535,0.5449,0.9421,0.0202,,,
original,2025,4,,class_EARLY,400,1936,,,,,,,,,159.811,0.3995,0.745
original,2025,4,,class_LATE,172,1936,,,,,,,,,-18.223,-0.106,0.2093
original,2025,4,,class_TURNED,964,1936,,,,,,,,,-87.849,-0.0911,0.2645
original,2025,4,,class_FALSE,400,1936,,,,,,,,,-138.464,-0.3462,0.01
original,2025,4,r21,EARLY_vs_FALSE,400,400,0.4117,0.485,0.3739,0.4568,0.3645,0.4531,0.002,0.0204,,,
original,2025,4,slope6,EARLY_vs_FALSE,400,400,0.4245,0.445,0.3742,0.4705,0.3787,0.4744,0.01,0.0203,,,
original,2025,4,r100,EARLY_vs_FALSE,400,400,0.4443,0.4839,0.3974,0.4885,0.4048,0.4908,0.01,0.0204,,,
original,2025,4,release,EARLY_vs_FALSE,400,400,0.4262,0.4667,0.3829,0.4717,0.3785,0.471,0.004,0.0204,,,
original,2025,4,er14,EARLY_vs_FALSE,400,400,0.489,0.4836,0.4446,0.5387,0.4427,0.5327,0.6148,0.0204,,,
original,2025,4,er21,EARLY_vs_FALSE,400,400,0.4661,0.4531,0.4167,0.5095,0.422,0.5132,0.1158,0.0203,,,
original,2025,4,d_er14,EARLY_vs_FALSE,400,400,0.5202,0.4993,0.4677,0.5746,0.4694,0.5668,0.4072,0.0204,,,
original,2024,6,,class_EARLY,484,1976,,,,,,,,,129.579,0.2677,0.6198
original,2024,6,,class_LATE,314,1976,,,,,,,,,-30.793,-0.0981,0.2707
original,2024,6,,class_TURNED,512,1976,,,,,,,,,4.162,0.0081,0.418
original,2024,6,,class_FALSE,666,1976,,,,,,,,,-208.181,-0.3126,0.012
original,2024,6,r21,EARLY_vs_FALSE,484,666,0.4932,0.5107,0.4563,0.5326,0.458,0.5306,0.7103,0.0173,,,
original,2024,6,r21,EARLY_vs_REST,484,1492,0.4917,0.5115,,,,,,,,,
original,2024,6,r21,FALSE_vs_REST,666,1310,0.4902,0.4974,,,,,,,,,
original,2024,6,slope6,EARLY_vs_FALSE,484,666,0.474,0.4721,0.4341,0.5106,0.4364,0.5125,0.1638,0.0172,,,
original,2024,6,slope6,EARLY_vs_REST,484,1492,0.4954,0.4979,,,,,,,,,
original,2024,6,slope6,FALSE_vs_REST,666,1310,0.5202,0.5391,,,,,,,,,
original,2024,6,r100,EARLY_vs_FALSE,484,666,0.4906,0.4878,0.4557,0.5263,0.4561,0.5258,0.6104,0.0172,,,
original,2024,6,r100,EARLY_vs_REST,484,1492,0.4702,0.4571,,,,,,,,,
original,2024,6,r100,FALSE_vs_REST,666,1310,0.475,0.4697,,,,,,,,,
original,2024,6,a21_100,EARLY_vs_FALSE,484,666,0.4957,0.4802,0.465,0.5292,0.464,0.5304,0.7772,0.0172,,,
original,2024,6,a21_100,EARLY_vs_REST,484,1492,0.4594,0.4355,,,,,,,,,
original,2024,6,a21_100,FALSE_vs_REST,666,1310,0.4636,0.458,,,,,,,,,
original,2024,6,squeeze,EARLY_vs_FALSE,484,666,0.5204,0.5108,0.4845,0.5554,0.4838,0.5561,0.2448,0.0173,,,
original,2024,6,squeeze,EARLY_vs_REST,484,1492,0.4921,0.4914,,,,,,,,,
original,2024,6,squeeze,FALSE_vs_REST,666,1310,0.4662,0.4742,,,,,,,,,
original,2024,6,release,EARLY_vs_FALSE,484,666,0.4789,0.5032,0.4445,0.5169,0.4395,0.5178,0.2328,0.0173,,,
original,2024,6,release,EARLY_vs_REST,484,1492,0.4863,0.5215,,,,,,,,,
original,2024,6,release,FALSE_vs_REST,666,1310,0.5055,0.5196,,,,,,,,,
original,2024,6,er7,EARLY_vs_FALSE,484,666,0.5084,0.5031,0.4727,0.5474,0.4703,0.5454,0.6543,0.0173,,,
original,2024,6,er7,EARLY_vs_REST,484,1492,0.5136,0.4977,,,,,,,,,
original,2024,6,er7,FALSE_vs_REST,666,1310,0.5055,0.4933,,,,,,,,,
original,2024,6,d_er7,EARLY_vs_FALSE,484,666,0.5092,0.5054,0.4688,0.5453,0.4711,0.5488,0.6284,0.0173,,,
original,2024,6,d_er7,EARLY_vs_REST,484,1492,0.5104,0.503,,,,,,,,,
original,2024,6,d_er7,FALSE_vs_REST,666,1310,0.4992,0.4951,,,,,,,,,
original,2024,6,er14,EARLY_vs_FALSE,484,666,0.5157,0.5047,0.4768,0.5549,0.4771,0.5531,0.4016,0.0173,,,
original,2024,6,er14,EARLY_vs_REST,484,1492,0.5095,0.4941,,,,,,,,,
original,2024,6,er14,FALSE_vs_REST,666,1310,0.4889,0.4867,,,,,,,,,
original,2024,6,d_er14,EARLY_vs_FALSE,484,666,0.4909,0.4874,0.4492,0.5309,0.4519,0.5294,0.6444,0.0172,,,
original,2024,6,d_er14,EARLY_vs_REST,484,1492,0.4604,0.4554,,,,,,,,,
original,2024,6,d_er14,FALSE_vs_REST,666,1310,0.4672,0.4673,,,,,,,,,
original,2024,6,er21,EARLY_vs_FALSE,484,666,0.5304,0.5168,0.4907,0.5687,0.495,0.5708,0.0919,0.0173,,,
original,2024,6,er21,EARLY_vs_REST,484,1492,0.5069,0.492,,,,,,,,,
original,2024,6,er21,FALSE_vs_REST,666,1310,0.4575,0.4663,,,,,,,,,
original,2024,6,d_er21,EARLY_vs_FALSE,484,666,0.5173,0.5135,0.4811,0.5569,0.4798,0.5536,0.3307,0.0173,,,
original,2024,6,d_er21,EARLY_vs_REST,484,1492,0.4936,0.4904,,,,,,,,,
original,2024,6,d_er21,FALSE_vs_REST,666,1310,0.4701,0.4693,,,,,,,,,
original,2024,6,ser7,EARLY_vs_FALSE,484,666,0.5085,0.5031,0.4721,0.5451,0.4701,0.5443,0.6583,0.0173,,,
original,2024,6,ser7,EARLY_vs_REST,484,1492,0.5137,0.4976,,,,,,,,,
original,2024,6,ser7,FALSE_vs_REST,666,1310,0.5054,0.4932,,,,,,,,,
original,2024,6,ser14,EARLY_vs_FALSE,484,666,0.5056,0.4969,0.4659,0.5423,0.4638,0.5436,0.7702,0.0172,,,
original,2024,6,ser14,EARLY_vs_REST,484,1492,0.4982,0.4849,,,,,,,,,
original,2024,6,ser14,FALSE_vs_REST,666,1310,0.4896,0.4876,,,,,,,,,
original,2024,6,ser21,EARLY_vs_FALSE,484,666,0.5125,0.5009,0.4743,0.5509,0.4728,0.5508,0.4975,0.0173,,,
original,2024,6,ser21,EARLY_vs_REST,484,1492,0.4793,0.4683,,,,,,,,,
original,2024,6,ser21,FALSE_vs_REST,666,1310,0.4486,0.4617,,,,,,,,,
original,2025,6,,class_EARLY,449,1936,,,,,,,,,141.264,0.3146,0.657
original,2025,6,,class_LATE,322,1936,,,,,,,,,-30.962,-0.0962,0.2547
original,2025,6,,class_TURNED,513,1936,,,,,,,,,-3.127,-0.0061,0.4094
original,2025,6,,class_FALSE,652,1936,,,,,,,,,-191.901,-0.2943,0.0092
original,2025,6,r21,EARLY_vs_FALSE,449,652,0.4477,0.4787,0.4119,0.4838,0.4101,0.4853,0.006,0.0176,,,
original,2025,6,r21,EARLY_vs_REST,449,1487,0.4481,0.4756,,,,,,,,,
original,2025,6,r21,FALSE_vs_REST,652,1284,0.5051,0.5025,,,,,,,,,
original,2025,6,slope6,EARLY_vs_FALSE,449,652,0.4519,0.4643,0.4134,0.4902,0.4119,0.4913,0.018,0.0176,,,
original,2025,6,slope6,EARLY_vs_REST,449,1487,0.4668,0.4871,,,,,,,,,
original,2025,6,slope6,FALSE_vs_REST,652,1284,0.5256,0.5368,,,,,,,,,
original,2025,6,r100,EARLY_vs_FALSE,449,652,0.4512,0.4721,0.4163,0.489,0.4153,0.4859,0.007,0.0176,,,
original,2025,6,r100,EARLY_vs_REST,449,1487,0.4419,0.4378,,,,,,,,,
original,2025,6,r100,FALSE_vs_REST,652,1284,0.4851,0.4676,,,,,,,,,
original,2025,6,a21_100,EARLY_vs_FALSE,449,652,0.4737,0.4798,0.4351,0.5145,0.4394,0.5122,0.1399,0.0176,,,
original,2025,6,a21_100,EARLY_vs_REST,449,1487,0.4496,0.4321,,,,,,,,,
original,2025,6,a21_100,FALSE_vs_REST,652,1284,0.4702,0.4507,,,,,,,,,
original,2025,6,squeeze,EARLY_vs_FALSE,449,652,0.4909,0.4963,0.4548,0.5281,0.4543,0.5295,0.5984,0.0177,,,
original,2025,6,squeeze,EARLY_vs_REST,449,1487,0.4815,0.4723,,,,,,,,,
original,2025,6,squeeze,FALSE_vs_REST,652,1284,0.4874,0.4721,,,,,,,,,
original,2025,6,release,EARLY_vs_FALSE,449,652,0.4672,0.4862,0.4258,0.5077,0.4275,0.5067,0.0689,0.0177,,,
original,2025,6,release,EARLY_vs_REST,449,1487,0.4735,0.5026,,,,,,,,,
original,2025,6,release,FALSE_vs_REST,652,1284,0.5113,0.5251,,,,,,,,,
original,2025,6,er7,EARLY_vs_FALSE,449,652,0.562,0.5469,0.5222,0.5982,0.5222,0.6007,0.001,0.0177,,,
original,2025,6,er7,EARLY_vs_REST,449,1487,0.5242,0.5078,,,,,,,,,
original,2025,6,er7,FALSE_vs_REST,652,1284,0.4384,0.4385,,,,,,,,,
original,2025,6,d_er7,EARLY_vs_FALSE,449,652,0.57,0.5428,0.5274,0.6094,0.5292,0.6086,0.001,0.0177,,,
original,2025,6,d_er7,EARLY_vs_REST,449,1487,0.5246,0.5063,,,,,,,,,
original,2025,6,d_er7,FALSE_vs_REST,652,1284,0.4356,0.4431,,,,,,,,,
original,2025,6,er14,EARLY_vs_FALSE,449,652,0.5269,0.5164,0.4837,0.5686,0.4853,0.5651,0.1588,0.0177,,,
original,2025,6,er14,EARLY_vs_REST,449,1487,0.4976,0.4789,,,,,,,,,
original,2025,6,er14,FALSE_vs_REST,652,1284,0.4618,0.4505,,,,,,,,,
original,2025,6,d_er14,EARLY_vs_FALSE,449,652,0.547,0.5353,0.5092,0.5873,0.5052,0.5862,0.015,0.0177,,,
original,2025,6,d_er14,EARLY_vs_REST,449,1487,0.4979,0.4843,,,,,,,,,
original,2025,6,d_er14,FALSE_vs_REST,652,1284,0.4337,0.429,,,,,,,,,
original,2025,6,er21,EARLY_vs_FALSE,449,652,0.4771,0.4707,0.4399,0.5193,0.4391,0.5178,0.2058,0.0176,,,
original,2025,6,er21,EARLY_vs_REST,449,1487,0.4457,0.4408,,,,,,,,,
original,2025,6,er21,FALSE_vs_REST,652,1284,0.4764,0.4734,,,,,,,,,
original,2025,6,d_er21,EARLY_vs_FALSE,449,652,0.5125,0.5104,0.474,0.5518,0.4717,0.5542,0.5185,0.0177,,,
original,2025,6,d_er21,EARLY_vs_REST,449,1487,0.475,0.4771,,,,,,,,,
original,2025,6,d_er21,FALSE_vs_REST,652,1284,0.4587,0.4567,,,,,,,,,
original,2025,6,ser7,EARLY_vs_FALSE,449,652,0.5619,0.5468,0.5229,0.6014,0.5267,0.5989,0.001,0.0177,,,
original,2025,6,ser7,EARLY_vs_REST,449,1487,0.5242,0.5078,,,,,,,,,
original,2025,6,ser7,FALSE_vs_REST,652,1284,0.4385,0.4386,,,,,,,,,
original,2025,6,ser14,EARLY_vs_FALSE,449,652,0.5287,0.5116,0.4894,0.571,0.4885,0.5664,0.1269,0.0177,,,
original,2025,6,ser14,EARLY_vs_REST,449,1487,0.4927,0.4726,,,,,,,,,
original,2025,6,ser14,FALSE_vs_REST,652,1284,0.4566,0.4498,,,,,,,,,
original,2025,6,ser21,EARLY_vs_FALSE,449,652,0.5275,0.501,0.4862,0.5683,0.4878,0.5635,0.1548,0.0177,,,
original,2025,6,ser21,EARLY_vs_REST,449,1487,0.4578,0.443,,,,,,,,,
original,2025,6,ser21,FALSE_vs_REST,652,1284,0.4253,0.4353,,,,,,,,,
original,2024,8,,class_EARLY,491,1976,,,,,,,,,114.162,0.2325,0.5804
original,2024,8,,class_LATE,371,1976,,,,,,,,,-25.679,-0.0692,0.3288
original,2024,8,,class_TURNED,330,1976,,,,,,,,,20.107,0.0609,0.4909
original,2024,8,,class_FALSE,784,1976,,,,,,,,,-213.822,-0.2727,0.0485
original,2024,8,r21,EARLY_vs_FALSE,491,784,0.5125,0.5247,0.4781,0.5456,0.4777,0.5496,0.485,0.0167,,,
original,2024,8,slope6,EARLY_vs_FALSE,491,784,0.4867,0.4744,0.4511,0.5272,0.4459,0.5274,0.4251,0.0165,,,
original,2024,8,r100,EARLY_vs_FALSE,491,784,0.5151,0.5173,0.4808,0.5493,0.4847,0.5507,0.3433,0.0167,,,
original,2024,8,release,EARLY_vs_FALSE,491,784,0.4956,0.5077,0.4628,0.5312,0.4585,0.5308,0.7984,0.0166,,,
original,2024,8,er14,EARLY_vs_FALSE,491,784,0.4975,0.4893,0.4609,0.5307,0.4629,0.5297,0.8663,0.0166,,,
original,2024,8,er21,EARLY_vs_FALSE,491,784,0.5088,0.4966,0.4758,0.5428,0.4668,0.5465,0.6527,0.0166,,,
original,2024,8,d_er14,EARLY_vs_FALSE,491,784,0.4977,0.4934,0.4608,0.5363,0.4597,0.5337,0.9162,0.0166,,,
original,2025,8,,class_EARLY,448,1936,,,,,,,,,133.315,0.2976,0.6429
original,2025,8,,class_LATE,393,1936,,,,,,,,,-26.126,-0.0665,0.313
original,2025,8,,class_TURNED,342,1936,,,,,,,,,8.868,0.0259,0.4561
original,2025,8,,class_FALSE,753,1936,,,,,,,,,-200.783,-0.2666,0.0345
original,2025,8,r21,EARLY_vs_FALSE,448,753,0.4719,0.4976,0.44,0.5093,0.4408,0.5074,0.1138,0.0172,,,
original,2025,8,slope6,EARLY_vs_FALSE,448,753,0.456,0.4722,0.4214,0.4958,0.4207,0.4888,0.016,0.0171,,,
original,2025,8,r100,EARLY_vs_FALSE,448,753,0.4939,0.5058,0.459,0.5312,0.4612,0.5306,0.7066,0.0172,,,
original,2025,8,release,EARLY_vs_FALSE,448,753,0.4852,0.4988,0.4488,0.523,0.4496,0.5231,0.4331,0.0172,,,
original,2025,8,er14,EARLY_vs_FALSE,448,753,0.5108,0.5022,0.4702,0.5532,0.4716,0.5538,0.5449,0.0172,,,
original,2025,8,er21,EARLY_vs_FALSE,448,753,0.4748,0.4689,0.4373,0.5106,0.4323,0.5099,0.1996,0.0171,,,
original,2025,8,d_er14,EARLY_vs_FALSE,448,753,0.5235,0.517,0.4845,0.564,0.4878,0.5611,0.1856,0.0173,,,
original,2024,10,,class_EARLY,435,1976,,,,,,,,,99.756,0.2293,0.5563
original,2024,10,,class_LATE,462,1976,,,,,,,,,-20.889,-0.0452,0.3636
original,2024,10,,class_TURNED,226,1976,,,,,,,,,25.57,0.1131,0.5398
original,2024,10,,class_FALSE,853,1976,,,,,,,,,-209.67,-0.2458,0.0879
original,2024,10,r21,EARLY_vs_FALSE,435,853,0.517,0.5293,0.4806,0.5533,0.4827,0.5552,0.3433,0.0171,,,
original,2024,10,slope6,EARLY_vs_FALSE,435,853,0.4719,0.4689,0.4345,0.5109,0.4334,0.5155,0.1397,0.0169,,,
original,2024,10,r100,EARLY_vs_FALSE,435,853,0.5269,0.5287,0.4975,0.5575,0.4951,0.5601,0.1257,0.0171,,,
original,2024,10,release,EARLY_vs_FALSE,435,853,0.5079,0.5088,0.4727,0.5451,0.4745,0.5464,0.6647,0.017,,,
original,2024,10,er14,EARLY_vs_FALSE,435,853,0.4831,0.4785,0.4468,0.5181,0.4486,0.5197,0.3852,0.0169,,,
original,2024,10,er21,EARLY_vs_FALSE,435,853,0.5049,0.4952,0.4669,0.5383,0.4695,0.5415,0.8224,0.017,,,
original,2024,10,d_er14,EARLY_vs_FALSE,435,853,0.488,0.4858,0.4513,0.5298,0.4462,0.5275,0.5449,0.017,,,
original,2025,10,,class_EARLY,399,1936,,,,,,,,,126.351,0.3167,0.6591
original,2025,10,,class_LATE,469,1936,,,,,,,,,-27.939,-0.0596,0.3326
original,2025,10,,class_TURNED,260,1936,,,,,,,,,15.086,0.058,0.4615
original,2025,10,,class_FALSE,808,1936,,,,,,,,,-198.224,-0.2453,0.0668
original,2025,10,r21,EARLY_vs_FALSE,399,808,0.4618,0.492,0.427,0.4956,0.4313,0.5004,0.0519,0.0176,,,
original,2025,10,slope6,EARLY_vs_FALSE,399,808,0.4586,0.4752,0.4212,0.4972,0.4239,0.4961,0.0279,0.0175,,,
original,2025,10,r100,EARLY_vs_FALSE,399,808,0.4796,0.4981,0.4416,0.5158,0.4448,0.5192,0.2236,0.0177,,,
original,2025,10,release,EARLY_vs_FALSE,399,808,0.473,0.4959,0.4354,0.5092,0.4381,0.5096,0.1517,0.0177,,,
original,2025,10,er14,EARLY_vs_FALSE,399,808,0.5259,0.5161,0.4841,0.567,0.4863,0.5666,0.2176,0.0177,,,
original,2025,10,er21,EARLY_vs_FALSE,399,808,0.497,0.4969,0.4585,0.5353,0.4589,0.5364,0.8543,0.0177,,,
original,2025,10,d_er14,EARLY_vs_FALSE,399,808,0.5379,0.5326,0.4998,0.5803,0.4974,0.5784,0.0459,0.0178,,,
corrected,2024,4,,class_EARLY,408,1976,,,,,,,,,152.012,0.3726,0.723
corrected,2024,4,,class_LATE,163,1976,,,,,,,,,-19.896,-0.1221,0.2209
corrected,2024,4,,class_TURNED,981,1976,,,,,,,,,-84.622,-0.0863,0.2803
corrected,2024,4,,class_FALSE,424,1976,,,,,,,,,-152.727,-0.3602,0.0024
corrected,2024,4,r21,EARLY_vs_FALSE,408,424,0.4947,0.5127,0.4524,0.5391,0.4532,0.5418,0.7984,0.02,,,
corrected,2024,4,slope6,EARLY_vs_FALSE,408,424,0.4796,0.4652,0.442,0.5244,0.432,0.521,0.3453,0.02,,,
corrected,2024,4,r100,EARLY_vs_FALSE,408,424,0.4874,0.484,0.4457,0.532,0.4435,0.5319,0.501,0.02,,,
corrected,2024,4,release,EARLY_vs_FALSE,408,424,0.4886,0.496,0.4465,0.5335,0.4449,0.5336,0.6148,0.02,,,
corrected,2024,4,er14,EARLY_vs_FALSE,408,424,0.5079,0.4916,0.4592,0.5504,0.4626,0.5534,0.7106,0.02,,,
corrected,2024,4,er21,EARLY_vs_FALSE,408,424,0.528,0.5026,0.4842,0.5712,0.4812,0.5747,0.1996,0.02,,,
corrected,2024,4,d_er14,EARLY_vs_FALSE,408,424,0.5027,0.4894,0.4529,0.5482,0.4544,0.5478,0.8882,0.02,,,
corrected,2025,4,,class_EARLY,402,1936,,,,,,,,,159.576,0.397,0.7413
corrected,2025,4,,class_LATE,160,1936,,,,,,,,,-14.05,-0.0878,0.225
corrected,2025,4,,class_TURNED,964,1936,,,,,,,,,-88.347,-0.0916,0.2635
corrected,2025,4,,class_FALSE,410,1936,,,,,,,,,-141.904,-0.3461,0.0122
corrected,2025,4,r21,EARLY_vs_FALSE,402,410,0.4061,0.4821,0.3634,0.4487,0.362,0.4552,0.002,0.0203,,,
corrected,2025,4,slope6,EARLY_vs_FALSE,402,410,0.4251,0.4475,0.3814,0.4733,0.3764,0.4678,0.002,0.0201,,,
corrected,2025,4,r100,EARLY_vs_FALSE,402,410,0.4385,0.482,0.3988,0.4842,0.3933,0.4816,0.01,0.0203,,,
corrected,2025,4,release,EARLY_vs_FALSE,402,410,0.4226,0.464,0.3789,0.4644,0.3788,0.4698,0.002,0.0202,,,
corrected,2025,4,er14,EARLY_vs_FALSE,402,410,0.4895,0.4874,0.4372,0.5329,0.4416,0.539,0.6108,0.0203,,,
corrected,2025,4,er21,EARLY_vs_FALSE,402,410,0.4661,0.456,0.4229,0.5098,0.4212,0.5199,0.1178,0.0202,,,
corrected,2025,4,d_er14,EARLY_vs_FALSE,402,410,0.5231,0.5042,0.4752,0.571,0.4718,0.5681,0.2655,0.0203,,,
corrected,2024,6,,class_EARLY,477,1976,,,,,,,,,129.598,0.2717,0.6226
corrected,2024,6,,class_LATE,292,1976,,,,,,,,,-21.276,-0.0729,0.2979
corrected,2024,6,,class_TURNED,558,1976,,,,,,,,,-4.532,-0.0081,0.3925
corrected,2024,6,,class_FALSE,649,1976,,,,,,,,,-209.023,-0.3221,0.0062
corrected,2024,6,r21,EARLY_vs_FALSE,477,649,0.4881,0.4982,0.4527,0.5256,0.4495,0.5271,0.5435,0.0174,,,
corrected,2024,6,slope6,EARLY_vs_FALSE,477,649,0.4738,0.4631,0.4346,0.513,0.4341,0.5119,0.1688,0.0173,,,
corrected,2024,6,r100,EARLY_vs_FALSE,477,649,0.4885,0.4838,0.4525,0.5273,0.4512,0.5252,0.5105,0.0174,,,
corrected,2024,6,a21_100,EARLY_vs_FALSE,477,649,0.4975,0.4815,0.465,0.5299,0.4619,0.5316,0.8781,0.0174,,,
corrected,2024,6,squeeze,EARLY_vs_FALSE,477,649,0.5235,0.5153,0.4868,0.5569,0.4869,0.5598,0.1718,0.0174,,,
corrected,2024,6,release,EARLY_vs_FALSE,477,649,0.4715,0.4885,0.4322,0.51,0.4343,0.51,0.1069,0.0174,,,
corrected,2024,6,er7,EARLY_vs_FALSE,477,649,0.5105,0.5089,0.4706,0.5493,0.4704,0.5489,0.6104,0.0174,,,
corrected,2024,6,d_er7,EARLY_vs_FALSE,477,649,0.5061,0.5054,0.4635,0.5428,0.4677,0.547,0.7502,0.0174,,,
corrected,2024,6,er14,EARLY_vs_FALSE,477,649,0.5147,0.5116,0.476,0.5517,0.4738,0.557,0.4286,0.0174,,,
corrected,2024,6,d_er14,EARLY_vs_FALSE,477,649,0.4937,0.4947,0.4521,0.5359,0.4553,0.5339,0.7562,0.0174,,,
corrected,2024,6,er21,EARLY_vs_FALSE,477,649,0.538,0.5265,0.4998,0.5755,0.5022,0.578,0.037,0.0174,,,
corrected,2024,6,d_er21,EARLY_vs_FALSE,477,649,0.5234,0.5224,0.4876,0.562,0.4845,0.5583,0.1948,0.0174,,,
corrected,2024,6,ser7,EARLY_vs_FALSE,477,649,0.5106,0.5088,0.4762,0.5479,0.4699,0.5467,0.5624,0.0174,,,
corrected,2024,6,ser14,EARLY_vs_FALSE,477,649,0.5043,0.5037,0.4667,0.5456,0.4636,0.5422,0.8292,0.0174,,,
corrected,2024,6,ser21,EARLY_vs_FALSE,477,649,0.5153,0.5068,0.4776,0.5538,0.4771,0.5536,0.4296,0.0174,,,
corrected,2025,6,,class_EARLY,452,1936,,,,,,,,,140.955,0.3118,0.6504
corrected,2025,6,,class_LATE,300,1936,,,,,,,,,-24.135,-0.0805,0.28
corrected,2025,6,,class_TURNED,546,1936,,,,,,,,,-11.34,-0.0208,0.3828
corrected,2025,6,,class_FALSE,638,1936,,,,,,,,,-190.205,-0.2981,0.0094
corrected,2025,6,r21,EARLY_vs_FALSE,452,638,0.4457,0.4675,0.4107,0.4816,0.4114,0.4783,0.001,0.0176,,,
corrected,2025,6,slope6,EARLY_vs_FALSE,452,638,0.4484,0.4547,0.4079,0.4895,0.4099,0.4848,0.012,0.0176,,,
corrected,2025,6,r100,EARLY_vs_FALSE,452,638,0.4499,0.4666,0.4177,0.4835,0.4128,0.4848,0.005,0.0176,,,
corrected,2025,6,a21_100,EARLY_vs_FALSE,452,638,0.473,0.4792,0.4351,0.5115,0.4358,0.5086,0.1149,0.0177,,,
corrected,2025,6,squeeze,EARLY_vs_FALSE,452,638,0.4956,0.4975,0.4598,0.5355,0.4587,0.5309,0.7812,0.0178,,,
corrected,2025,6,release,EARLY_vs_FALSE,452,638,0.4649,0.4751,0.4274,0.5054,0.4248,0.5033,0.0599,0.0177,,,
corrected,2025,6,er7,EARLY_vs_FALSE,452,638,0.5604,0.5446,0.5239,0.6,0.522,0.5978,0.003,0.0178,,,
corrected,2025,6,d_er7,EARLY_vs_FALSE,452,638,0.5672,0.5407,0.5257,0.6069,0.5238,0.6043,0.001,0.0178,,,
corrected,2025,6,er14,EARLY_vs_FALSE,452,638,0.527,0.5191,0.4825,0.5704,0.4866,0.5681,0.1469,0.0178,,,
corrected,2025,6,d_er14,EARLY_vs_FALSE,452,638,0.5492,0.5382,0.5065,0.5902,0.5061,0.587,0.006,0.0178,,,
corrected,2025,6,er21,EARLY_vs_FALSE,452,638,0.4786,0.4785,0.4426,0.5174,0.4386,0.5203,0.2947,0.0177,,,
corrected,2025,6,d_er21,EARLY_vs_FALSE,452,638,0.5138,0.521,0.4721,0.5535,0.4736,0.5557,0.4525,0.0178,,,
corrected,2025,6,ser7,EARLY_vs_FALSE,452,638,0.5603,0.5445,0.5222,0.5975,0.5239,0.5976,0.002,0.0178,,,
corrected,2025,6,ser14,EARLY_vs_FALSE,452,638,0.5298,0.5151,0.4846,0.5701,0.4885,0.5695,0.1229,0.0178,,,
corrected,2025,6,ser21,EARLY_vs_FALSE,452,638,0.5308,0.5076,0.4912,0.5728,0.4924,0.5676,0.0879,0.0178,,,
corrected,2024,8,,class_EARLY,486,1976,,,,,,,,,118.106,0.243,0.5885
corrected,2024,8,,class_LATE,342,1976,,,,,,,,,-20.153,-0.0589,0.3304
corrected,2024,8,,class_TURNED,397,1976,,,,,,,,,11.085,0.0279,0.4509
corrected,2024,8,,class_FALSE,751,1976,,,,,,,,,-214.27,-0.2853,0.0386
corrected,2024,8,r21,EARLY_vs_FALSE,486,751,0.4991,0.4997,0.4646,0.5318,0.4643,0.5341,0.9581,0.0168,,,
corrected,2024,8,slope6,EARLY_vs_FALSE,486,751,0.482,0.4655,0.4442,0.5201,0.4449,0.5205,0.2834,0.0167,,,
corrected,2024,8,r100,EARLY_vs_FALSE,486,751,0.5066,0.5006,0.4744,0.5413,0.4753,0.5367,0.7006,0.0168,,,
corrected,2024,8,release,EARLY_vs_FALSE,486,751,0.4824,0.4899,0.4415,0.5222,0.4471,0.52,0.3513,0.0168,,,
corrected,2024,8,er14,EARLY_vs_FALSE,486,751,0.5041,0.5047,0.4651,0.5411,0.4682,0.54,0.7784,0.0168,,,
corrected,2024,8,er21,EARLY_vs_FALSE,486,751,0.5247,0.517,0.4881,0.5577,0.4878,0.566,0.1677,0.0168,,,
corrected,2024,8,d_er14,EARLY_vs_FALSE,486,751,0.5108,0.5102,0.4716,0.5516,0.4711,0.5484,0.5569,0.0168,,,
corrected,2025,8,,class_EARLY,447,1936,,,,,,,,,134.622,0.3012,0.6353
corrected,2025,8,,class_LATE,378,1936,,,,,,,,,-23.664,-0.0626,0.3201
corrected,2025,8,,class_TURNED,382,1936,,,,,,,,,3.721,0.0097,0.4319
corrected,2025,8,,class_FALSE,729,1936,,,,,,,,,-199.404,-0.2735,0.0316
corrected,2025,8,r21,EARLY_vs_FALSE,447,729,0.4543,0.4828,0.4152,0.4897,0.4231,0.4869,0.012,0.0173,,,
corrected,2025,8,slope6,EARLY_vs_FALSE,447,729,0.455,0.4696,0.4199,0.4955,0.4174,0.4942,0.018,0.0172,,,
corrected,2025,8,r100,EARLY_vs_FALSE,447,729,0.4796,0.5008,0.4482,0.5162,0.4444,0.5128,0.2475,0.0174,,,
corrected,2025,8,release,EARLY_vs_FALSE,447,729,0.4772,0.49,0.4363,0.5141,0.4403,0.5166,0.2335,0.0173,,,
corrected,2025,8,er14,EARLY_vs_FALSE,447,729,0.5174,0.5134,0.4767,0.5594,0.4752,0.5604,0.4132,0.0174,,,
corrected,2025,8,er21,EARLY_vs_FALSE,447,729,0.4774,0.4728,0.4401,0.5159,0.4372,0.5253,0.2096,0.0172,,,
corrected,2025,8,d_er14,EARLY_vs_FALSE,447,729,0.5227,0.52,0.4868,0.5663,0.4842,0.5649,0.2056,0.0174,,,
corrected,2024,10,,class_EARLY,444,1976,,,,,,,,,100.331,0.226,0.5541
corrected,2024,10,,class_LATE,421,1976,,,,,,,,,-15.266,-0.0363,0.3658
corrected,2024,10,,class_TURNED,299,1976,,,,,,,,,21.576,0.0722,0.505
corrected,2024,10,,class_FALSE,812,1976,,,,,,,,,-211.874,-0.2609,0.069
corrected,2024,10,r21,EARLY_vs_FALSE,444,812,0.529,0.5151,0.4944,0.5646,0.4955,0.5628,0.1198,0.0171,,,
corrected,2024,10,slope6,EARLY_vs_FALSE,444,812,0.4698,0.4604,0.4331,0.5073,0.4327,0.5078,0.1098,0.0168,,,
corrected,2024,10,r100,EARLY_vs_FALSE,444,812,0.5462,0.5324,0.5157,0.5777,0.5104,0.5828,0.006,0.0171,,,
corrected,2024,10,release,EARLY_vs_FALSE,444,812,0.5093,0.4905,0.4701,0.5468,0.4708,0.5461,0.6228,0.017,,,
corrected,2024,10,er14,EARLY_vs_FALSE,444,812,0.4927,0.4972,0.4593,0.5271,0.4577,0.5296,0.7086,0.017,,,
corrected,2024,10,er21,EARLY_vs_FALSE,444,812,0.5034,0.495,0.466,0.5391,0.4651,0.5393,0.8543,0.017,,,
corrected,2024,10,d_er14,EARLY_vs_FALSE,444,812,0.5022,0.504,0.4661,0.5389,0.461,0.5359,0.9082,0.0171,,,
corrected,2025,10,,class_EARLY,420,1936,,,,,,,,,123.825,0.2948,0.631
corrected,2025,10,,class_LATE,433,1936,,,,,,,,,-25.694,-0.0593,0.3233
corrected,2025,10,,class_TURNED,297,1936,,,,,,,,,14.767,0.0497,0.4747
corrected,2025,10,,class_FALSE,786,1936,,,,,,,,,-197.624,-0.2514,0.0598
corrected,2025,10,r21,EARLY_vs_FALSE,420,786,0.4568,0.4806,0.4208,0.4931,0.427,0.4924,0.02,0.0174,,,
corrected,2025,10,slope6,EARLY_vs_FALSE,420,786,0.4677,0.48,0.433,0.506,0.4368,0.5026,0.0918,0.0174,,,
corrected,2025,10,r100,EARLY_vs_FALSE,420,786,0.4786,0.5073,0.4433,0.5133,0.4457,0.5144,0.1916,0.0175,,,
corrected,2025,10,release,EARLY_vs_FALSE,420,786,0.4749,0.4821,0.4436,0.5115,0.4382,0.5112,0.1437,0.0174,,,
corrected,2025,10,er14,EARLY_vs_FALSE,420,786,0.531,0.5285,0.4869,0.572,0.4878,0.573,0.1038,0.0175,,,
corrected,2025,10,er21,EARLY_vs_FALSE,420,786,0.5016,0.5005,0.4599,0.5369,0.4618,0.5416,0.9381,0.0175,,,
corrected,2025,10,d_er14,EARLY_vs_FALSE,420,786,0.5323,0.5286,0.4877,0.5742,0.4908,0.578,0.0639,0.0175,,,
original,2025,6,r100,crossyear_logit_EARLY_vs_REST_train2024,449,1487,,0.5622,0.535,0.5901,,,,,,,
original,2024,6,r100,crossyear_logit_EARLY_vs_REST_train2025,484,1492,,0.5429,0.5158,0.5687,,,,,,,
original,2025,6,r21,crossyear_logit_EARLY_vs_REST_train2024,449,1487,,0.4756,0.4483,0.4994,,,,,,,
original,2024,6,r21,crossyear_logit_EARLY_vs_REST_train2025,484,1492,,0.4885,0.463,0.5158,,,,,,,
original,2025,6,slope6,crossyear_logit_EARLY_vs_REST_train2024,449,1487,,0.5129,0.4854,0.544,,,,,,,
original,2024,6,slope6,crossyear_logit_EARLY_vs_REST_train2025,484,1492,,0.5021,0.4717,0.5319,,,,,,,
original,2025,6,release,crossyear_logit_EARLY_vs_REST_train2024,449,1487,,0.5026,0.4724,0.529,,,,,,,
original,2024,6,release,crossyear_logit_EARLY_vs_REST_train2025,484,1492,,0.4785,0.4478,0.5079,,,,,,,
original,2025,6,squeeze+release,crossyear_logit_EARLY_vs_REST_train2024,449,1487,,0.4959,0.4677,0.5216,,,,,,,
original,2024,6,squeeze+release,crossyear_logit_EARLY_vs_REST_train2025,484,1492,,0.5004,0.4727,0.5281,,,,,,,
original,2025,6,er14,crossyear_logit_EARLY_vs_REST_train2024,449,1487,,0.5211,0.4895,0.553,,,,,,,
original,2024,6,er14,crossyear_logit_EARLY_vs_REST_train2025,484,1492,,0.5059,0.4794,0.5328,,,,,,,
original,2025,6,d_er14,crossyear_logit_EARLY_vs_REST_train2024,449,1487,,0.5157,0.4846,0.5461,,,,,,,
original,2024,6,d_er14,crossyear_logit_EARLY_vs_REST_train2025,484,1492,,0.5446,0.519,0.5725,,,,,,,
original,2025,6,r100+r21,crossyear_logit_EARLY_vs_REST_train2024,449,1487,,0.5621,0.5282,0.593,,,,,,,
original,2024,6,r100+r21,crossyear_logit_EARLY_vs_REST_train2025,484,1492,,0.5659,0.5356,0.5965,,,,,,,
original,2025,6,release+d_er14,crossyear_logit_EARLY_vs_REST_train2024,449,1487,,0.5139,0.4837,0.5423,,,,,,,
original,2024,6,release+d_er14,crossyear_logit_EARLY_vs_REST_train2025,484,1492,,0.5412,0.515,0.5692,,,,,,,
original,2025,6,r21+er14,crossyear_logit_EARLY_vs_REST_train2024,449,1487,,0.5058,0.4764,0.534,,,,,,,
original,2024,6,r21+er14,crossyear_logit_EARLY_vs_REST_train2025,484,1492,,0.4952,0.4712,0.5199,,,,,,,
original,2025,6,r100+release+d_er14,crossyear_logit_EARLY_vs_REST_train2024,449,1487,,0.5549,0.5246,0.5861,,,,,,,
original,2024,6,r100+release+d_er14,crossyear_logit_EARLY_vs_REST_train2025,484,1492,,0.562,0.5358,0.5885,,,,,,,
original,2025,6,all features,crossyear_logit_EARLY_vs_REST_train2024,449,1487,,0.5766,0.5468,0.6077,,,,,,,
original,2024,6,all features,crossyear_logit_EARLY_vs_REST_train2025,484,1492,,0.6002,0.5753,0.6284,,,,,,,
original,2025,6,ser14,crossyear_logit_EARLY_vs_REST_train2024,449,1487,,0.5274,0.497,0.5588,,,,,,,
original,2024,6,ser14,crossyear_logit_EARLY_vs_REST_train2025,484,1492,,0.5151,0.488,0.543,,,,,,,
original,2025,6,r100+release+d_er14+ser14,crossyear_logit_EARLY_vs_REST_train2024,449,1487,,0.5556,0.5255,0.5867,,,,,,,
original,2024,6,r100+release+d_er14+ser14,crossyear_logit_EARLY_vs_REST_train2025,484,1492,,0.5574,0.5334,0.5817,,,,,,,
original,2025,6,all + signed ER,crossyear_logit_EARLY_vs_REST_train2024,449,1487,,0.5832,0.5515,0.6157,,,,,,,
original,2024,6,all + signed ER,crossyear_logit_EARLY_vs_REST_train2025,484,1492,,0.6059,0.5816,0.6332,,,,,,,
original,2025,6,r100,crossyear_logit_EARLY_vs_FALSE_train2024,449,652,,0.5279,0.4985,0.5555,,,,,,,
original,2024,6,r100,crossyear_logit_EARLY_vs_FALSE_train2025,484,666,,0.5122,0.4837,0.5406,,,,,,,
original,2025,6,r21,crossyear_logit_EARLY_vs_FALSE_train2024,449,652,,0.4787,0.453,0.5072,,,,,,,
original,2024,6,r21,crossyear_logit_EARLY_vs_FALSE_train2025,484,666,,0.4893,0.4627,0.5163,,,,,,,
original,2025,6,slope6,crossyear_logit_EARLY_vs_FALSE_train2024,449,652,,0.5357,0.5044,0.5683,,,,,,,
original,2024,6,slope6,crossyear_logit_EARLY_vs_FALSE_train2025,484,666,,0.5279,0.4947,0.5608,,,,,,,
original,2025,6,release,crossyear_logit_EARLY_vs_FALSE_train2024,449,652,,0.4862,0.4563,0.5162,,,,,,,
original,2024,6,release,crossyear_logit_EARLY_vs_FALSE_train2025,484,666,,0.4968,0.4664,0.527,,,,,,,
original,2025,6,squeeze+release,crossyear_logit_EARLY_vs_FALSE_train2024,449,652,,0.4934,0.4647,0.5211,,,,,,,
original,2024,6,squeeze+release,crossyear_logit_EARLY_vs_FALSE_train2025,484,666,,0.4853,0.457,0.513,,,,,,,
original,2025,6,er14,crossyear_logit_EARLY_vs_FALSE_train2024,449,652,,0.5164,0.4769,0.5522,,,,,,,
original,2024,6,er14,crossyear_logit_EARLY_vs_FALSE_train2025,484,666,,0.5047,0.474,0.5383,,,,,,,
original,2025,6,d_er14,crossyear_logit_EARLY_vs_FALSE_train2024,449,652,,0.4647,0.432,0.4964,,,,,,,
original,2024,6,d_er14,crossyear_logit_EARLY_vs_FALSE_train2025,484,666,,0.4874,0.4519,0.5214,,,,,,,
original,2025,6,r100+r21,crossyear_logit_EARLY_vs_FALSE_train2024,449,652,,0.5069,0.4735,0.5363,,,,,,,
original,2024,6,r100+r21,crossyear_logit_EARLY_vs_FALSE_train2025,484,666,,0.5136,0.4855,0.5423,,,,,,,
original,2025,6,release+d_er14,crossyear_logit_EARLY_vs_FALSE_train2024,449,652,,0.4645,0.4322,0.4965,,,,,,,
original,2024,6,release+d_er14,crossyear_logit_EARLY_vs_FALSE_train2025,484,666,,0.4873,0.4533,0.5213,,,,,,,
original,2025,6,r21+er14,crossyear_logit_EARLY_vs_FALSE_train2024,449,652,,0.4934,0.4641,0.5239,,,,,,,
original,2024,6,r21+er14,crossyear_logit_EARLY_vs_FALSE_train2025,484,666,,0.4961,0.4679,0.528,,,,,,,
original,2025,6,r100+release+d_er14,crossyear_logit_EARLY_vs_FALSE_train2024,449,652,,0.4841,0.4504,0.5148,,,,,,,
original,2024,6,r100+release+d_er14,crossyear_logit_EARLY_vs_FALSE_train2025,484,666,,0.4992,0.4701,0.529,,,,,,,
original,2025,6,all features,crossyear_logit_EARLY_vs_FALSE_train2024,449,652,,0.5233,0.4918,0.5551,,,,,,,
original,2024,6,all features,crossyear_logit_EARLY_vs_FALSE_train2025,484,666,,0.5296,0.4982,0.5602,,,,,,,
original,2025,6,ser14,crossyear_logit_EARLY_vs_FALSE_train2024,449,652,,0.4884,0.4526,0.5256,,,,,,,
original,2024,6,ser14,crossyear_logit_EARLY_vs_FALSE_train2025,484,666,,0.4969,0.4658,0.5295,,,,,,,
original,2025,6,r100+release+d_er14+ser14,crossyear_logit_EARLY_vs_FALSE_train2024,449,652,,0.485,0.4522,0.5161,,,,,,,
original,2024,6,r100+release+d_er14+ser14,crossyear_logit_EARLY_vs_FALSE_train2025,484,666,,0.499,0.47,0.5295,,,,,,,
original,2025,6,all + signed ER,crossyear_logit_EARLY_vs_FALSE_train2024,449,652,,0.531,0.4961,0.5632,,,,,,,
original,2024,6,all + signed ER,crossyear_logit_EARLY_vs_FALSE_train2025,484,666,,0.5364,0.5062,0.5683,,,,,,,
corrected,2025,6,r100,crossyear_logit_EARLY_vs_FALSE_train2024,452,638,,0.5334,0.5056,0.5607,,,,,,,
corrected,2024,6,r100,crossyear_logit_EARLY_vs_FALSE_train2025,477,649,,0.5162,0.4878,0.5446,,,,,,,
corrected,2025,6,r21,crossyear_logit_EARLY_vs_FALSE_train2024,452,638,,0.5325,0.5021,0.5597,,,,,,,
corrected,2024,6,r21,crossyear_logit_EARLY_vs_FALSE_train2025,477,649,,0.5018,0.4717,0.5301,,,,,,,
corrected,2025,6,slope6,crossyear_logit_EARLY_vs_FALSE_train2024,452,638,,0.5453,0.5129,0.5781,,,,,,,
corrected,2024,6,slope6,crossyear_logit_EARLY_vs_FALSE_train2025,477,649,,0.5369,0.5052,0.5704,,,,,,,
corrected,2025,6,release,crossyear_logit_EARLY_vs_FALSE_train2024,452,638,,0.5249,0.4926,0.5566,,,,,,,
corrected,2024,6,release,crossyear_logit_EARLY_vs_FALSE_train2025,477,649,,0.5115,0.4815,0.5427,,,,,,,
corrected,2025,6,squeeze+release,crossyear_logit_EARLY_vs_FALSE_train2024,452,638,,0.4986,0.4686,0.529,,,,,,,
corrected,2024,6,squeeze+release,crossyear_logit_EARLY_vs_FALSE_train2025,477,649,,0.5007,0.4724,0.5297,,,,,,,
corrected,2025,6,er14,crossyear_logit_EARLY_vs_FALSE_train2024,452,638,,0.5191,0.4808,0.5557,,,,,,,
corrected,2024,6,er14,crossyear_logit_EARLY_vs_FALSE_train2025,477,649,,0.5116,0.482,0.5427,,,,,,,
corrected,2025,6,d_er14,crossyear_logit_EARLY_vs_FALSE_train2024,452,638,,0.4618,0.4289,0.493,,,,,,,
corrected,2024,6,d_er14,crossyear_logit_EARLY_vs_FALSE_train2025,477,649,,0.4947,0.4615,0.5285,,,,,,,
corrected,2025,6,r100+r21,crossyear_logit_EARLY_vs_FALSE_train2024,452,638,,0.5113,0.4818,0.5402,,,,,,,
corrected,2024,6,r100+r21,crossyear_logit_EARLY_vs_FALSE_train2025,477,649,,0.5102,0.4803,0.5395,,,,,,,
corrected,2025,6,release+d_er14,crossyear_logit_EARLY_vs_FALSE_train2024,452,638,,0.4887,0.4589,0.5219,,,,,,,
corrected,2024,6,release+d_er14,crossyear_logit_EARLY_vs_FALSE_train2025,477,649,,0.4998,0.464,0.5325,,,,,,,
corrected,2025,6,r21+er14,crossyear_logit_EARLY_vs_FALSE_train2024,452,638,,0.5182,0.4794,0.5547,,,,,,,
corrected,2024,6,r21+er14,crossyear_logit_EARLY_vs_FALSE_train2025,477,649,,0.5048,0.4768,0.5337,,,,,,,
corrected,2025,6,r100+release+d_er14,crossyear_logit_EARLY_vs_FALSE_train2024,452,638,,0.508,0.4769,0.5369,,,,,,,
corrected,2024,6,r100+release+d_er14,crossyear_logit_EARLY_vs_FALSE_train2025,477,649,,0.5102,0.4816,0.5411,,,,,,,
corrected,2025,6,all features,crossyear_logit_EARLY_vs_FALSE_train2024,452,638,,0.534,0.498,0.5651,,,,,,,
corrected,2024,6,all features,crossyear_logit_EARLY_vs_FALSE_train2025,477,649,,0.5376,0.5044,0.5674,,,,,,,
corrected,2025,6,ser14,crossyear_logit_EARLY_vs_FALSE_train2024,452,638,,0.4849,0.4492,0.5221,,,,,,,
corrected,2024,6,ser14,crossyear_logit_EARLY_vs_FALSE_train2025,477,649,,0.5037,0.474,0.535,,,,,,,
corrected,2025,6,r100+release+d_er14+ser14,crossyear_logit_EARLY_vs_FALSE_train2024,452,638,,0.5076,0.4764,0.5379,,,,,,,
corrected,2024,6,r100+release+d_er14+ser14,crossyear_logit_EARLY_vs_FALSE_train2025,477,649,,0.5098,0.4798,0.541,,,,,,,
corrected,2025,6,all + signed ER,crossyear_logit_EARLY_vs_FALSE_train2024,452,638,,0.5384,0.5018,0.5695,,,,,,,
corrected,2024,6,all + signed ER,crossyear_logit_EARLY_vs_FALSE_train2025,477,649,,0.5424,0.5089,0.5748,,,,,,,
