flip_candle_utc,year,direction,st_before,st_after,flip,open_bid,high_bid,low_bid,close_bid,prev_close_bid,TR,ATR7,ATR14,ATR21,ATR100,ATR7_ATR21,ATR7_ATR100,ER7,ER14,ER21,hour_utc,swing_start_utc,swing_start_close,swing_end_utc,swing_end_close,swing_dir,swing_size,next_swing_size,swing_size_in_ATR14_at_start,position_through_swing,candles_flip_to_swing_end,adverse_close_to_turn,st_exit_candle_utc,exit_before_swing_end,class,entry_utc,entry_price,exit_utc,exit_price,gross_pts,financing_pts,net_pts
2024-01-11 17:00:00+00:00,2024,SHORT,1,-1,1,78.328000,78.371000,78.225000,78.256000,78.341000,0.146000,0.172212,0.177076,0.178460,0.141471,0.964986,1.217295,0.938104,0.451681,0.020679,17,2024-01-11 16:20:00+00:00,78.843000,2024-01-11 18:45:00+00:00,77.036000,DOWN,1.807000,2.068000,10.049811,0.324848,21,,2024-01-11 20:35:00+00:00,False,EARLY,2024-01-11 17:05:00+00:00,78.247000,2024-01-11 20:35:00+00:00,77.637000,0.610000,0.000000,0.610000
2024-01-18 22:00:00+00:00,2024,SHORT,1,-1,1,78.636000,78.639000,78.588000,78.588000,78.652000,0.064000,0.041857,0.051661,0.064174,0.107944,0.652249,0.387768,0.880240,0.403509,0.171247,22,2024-01-18 18:55:00+00:00,78.951000,2024-01-19 02:25:00+00:00,78.476000,DOWN,0.475000,0.845000,3.819543,0.764211,27,,2024-01-19 01:05:00+00:00,True,LATE,2024-01-18 22:05:00+00:00,78.572000,2024-01-19 01:05:00+00:00,78.794000,-0.222000,0.000000,-0.222000
2024-01-30 05:25:00+00:00,2024,LONG,-1,1,1,82.115000,82.166000,82.095000,82.166000,82.105000,0.071000,0.033735,0.037127,0.042914,0.092184,0.786095,0.365952,0.694444,0.478261,0.502959,5,2024-01-29 15:10:00+00:00,81.529000,2024-01-30 06:20:00+00:00,82.265000,UP,0.736000,1.443000,3.348851,0.865489,11,,2024-01-30 06:50:00+00:00,False,TURNED,2024-01-30 05:30:00+00:00,82.200000,2024-01-30 06:50:00+00:00,82.125000,-0.075000,0.000000,-0.075000
2024-03-15 00:55:00+00:00,2024,LONG,-1,1,1,84.722000,84.795000,84.722000,84.795000,84.721000,0.074000,0.048210,0.048160,0.050867,0.075735,0.947762,0.636560,0.913462,0.349081,0.128302,0,2024-03-15 00:25:00+00:00,84.596000,2024-03-15 07:10:00+00:00,84.971000,UP,0.375000,0.701000,7.440583,0.530667,75,,2024-03-15 05:35:00+00:00,True,LATE,2024-03-15 01:00:00+00:00,84.831000,2024-03-15 05:35:00+00:00,84.775000,-0.056000,0.000000,-0.056000
2024-03-15 20:35:00+00:00,2024,SHORT,1,-1,1,84.917000,84.927000,84.869000,84.869000,84.920000,0.058000,0.035772,0.045980,0.056998,0.085671,0.627598,0.417549,0.468750,0.230769,0.144330,20,2024-03-15 16:55:00+00:00,85.115000,2024-03-18 01:05:00+00:00,84.858000,DOWN,0.257000,0.885000,2.163586,0.957198,42,,2024-03-17 22:05:00+00:00,True,LATE,2024-03-15 20:40:00+00:00,84.877000,2024-03-17 22:05:00+00:00,85.104000,-0.227000,-0.027908,-0.254908
2024-03-20 01:30:00+00:00,2024,SHORT,1,-1,1,86.636000,86.636000,86.539000,86.549000,86.625000,0.097000,0.056120,0.051486,0.052029,0.073922,1.078628,0.759182,0.323232,0.000000,0.060163,1,2024-03-20 00:25:00+00:00,86.495000,2024-03-20 06:10:00+00:00,86.747000,UP,0.252000,1.588000,5.683014,0.214286,56,0.198000,2024-03-20 04:20:00+00:00,True,FALSE,2024-03-20 01:35:00+00:00,86.546000,2024-03-20 04:20:00+00:00,86.725000,-0.179000,0.000000,-0.179000
2024-03-27 08:55:00+00:00,2024,SHORT,1,-1,1,84.780000,84.781000,84.610000,84.622000,84.791000,0.181000,0.114417,0.095163,0.082887,0.065184,1.380402,1.755305,0.299479,0.160321,0.145631,8,2024-03-27 02:40:00+00:00,84.757000,2024-03-28 18:25:00+00:00,86.932000,UP,2.175000,0.344000,43.930212,-0.062069,374,2.310000,2024-03-27 09:45:00+00:00,True,FALSE,2024-03-27 09:00:00+00:00,84.621000,2024-03-27 09:45:00+00:00,85.013000,-0.392000,0.000000,-0.392000
2024-04-30 12:00:00+00:00,2024,LONG,-1,1,1,87.472000,87.741000,87.471000,87.701000,87.463000,0.278000,0.092950,0.081040,0.078086,0.070535,1.190351,1.317782,0.319920,0.332273,0.383260,12,2024-04-30 12:00:00+00:00,87.701000,2024-04-30 14:30:00+00:00,85.490000,DOWN,2.211000,0.966000,27.282854,-0.000000,30,2.211000,2024-04-30 13:05:00+00:00,True,FALSE,2024-04-30 12:05:00+00:00,87.723000,2024-04-30 13:05:00+00:00,87.162000,-0.561000,0.000000,-0.561000
2024-05-15 03:35:00+00:00,2024,SHORT,1,-1,1,82.707000,82.709000,82.658000,82.678000,82.709000,0.051000,0.048217,0.046098,0.047067,0.069825,1.024433,0.690540,0.048387,0.111111,0.106291,3,2024-05-15 03:25:00+00:00,82.808000,2024-05-15 13:45:00+00:00,80.924000,DOWN,1.884000,2.033000,45.600813,0.069002,122,,2024-05-15 05:35:00+00:00,True,EARLY,2024-05-15 03:40:00+00:00,82.682000,2024-05-15 05:35:00+00:00,82.799000,-0.117000,0.000000,-0.117000
2024-05-16 07:35:00+00:00,2024,SHORT,1,-1,1,82.754000,82.765000,82.677000,82.725000,82.768000,0.091000,0.074788,0.063050,0.056182,0.062459,1.331184,1.197393,0.629851,0.055749,0.218206,7,2024-05-16 00:50:00+00:00,82.957000,2024-05-16 10:40:00+00:00,82.108000,DOWN,0.849000,1.326000,22.086564,0.273263,37,,2024-05-16 11:10:00+00:00,False,EARLY,2024-05-16 07:40:00+00:00,82.728000,2024-05-16 11:10:00+00:00,82.470000,0.258000,0.000000,0.258000
2024-06-10 11:25:00+00:00,2024,LONG,-1,1,1,79.755000,79.826000,79.755000,79.825000,79.756000,0.071000,0.084415,0.093401,0.095515,0.079014,0.883787,1.068358,0.783607,0.344877,0.171429,11,2024-06-07 20:15:00+00:00,79.224000,2024-06-10 20:55:00+00:00,81.901000,UP,2.677000,0.737000,45.000868,0.224505,114,,2024-06-10 13:00:00+00:00,True,EARLY,2024-06-10 11:30:00+00:00,79.868000,2024-06-10 13:00:00+00:00,80.051000,0.183000,0.000000,0.183000
2024-06-14 09:10:00+00:00,2024,LONG,-1,1,1,82.304000,82.419000,82.294000,82.364000,82.299000,0.125000,0.110517,0.103219,0.095117,0.077131,1.161910,1.432844,0.565558,0.347594,0.170770,9,2024-06-14 00:25:00+00:00,81.729000,2024-06-14 12:45:00+00:00,83.099000,UP,1.370000,1.340000,26.969364,0.463504,43,,2024-06-14 14:10:00+00:00,False,TURNED,2024-06-14 09:15:00+00:00,82.392000,2024-06-14 14:10:00+00:00,82.691000,0.299000,0.000000,0.299000
2024-06-14 18:10:00+00:00,2024,SHORT,1,-1,1,82.365000,82.386000,82.292000,82.313000,82.373000,0.094000,0.099324,0.106168,0.112668,0.105890,0.881562,0.937990,0.794872,0.493171,0.170286,18,2024-06-14 12:45:00+00:00,83.099000,2024-06-17 06:50:00+00:00,81.759000,DOWN,1.340000,2.246000,13.354397,0.586567,140,,2024-06-17 00:55:00+00:00,True,LATE,2024-06-14 18:15:00+00:00,82.312000,2024-06-17 00:55:00+00:00,82.198000,0.114000,-0.027064,0.086936
2024-06-17 07:00:00+00:00,2024,LONG,-1,1,1,81.822000,81.942000,81.808000,81.932000,81.826000,0.134000,0.064904,0.053092,0.049129,0.060936,1.321094,1.065127,0.346405,0.168317,0.044140,7,2024-06-17 06:50:00+00:00,81.759000,2024-06-17 20:50:00+00:00,84.005000,UP,2.246000,0.801000,51.939960,0.077026,166,,2024-06-17 09:50:00+00:00,True,EARLY,2024-06-17 07:05:00+00:00,81.968000,2024-06-17 09:50:00+00:00,82.140000,0.172000,0.000000,0.172000
2024-06-27 13:35:00+00:00,2024,SHORT,1,-1,1,85.105000,85.156000,84.965000,84.976000,85.116000,0.191000,0.174620,0.145829,0.129237,0.082857,1.351158,2.107488,0.240481,0.051095,0.025674,13,2024-06-27 13:10:00+00:00,85.465000,2024-06-27 21:00:00+00:00,85.214000,DOWN,0.251000,0.879000,2.201783,1.948207,89,,2024-06-27 18:25:00+00:00,True,LATE,2024-06-27 13:40:00+00:00,84.986000,2024-06-27 18:25:00+00:00,85.191000,-0.205000,0.000000,-0.205000
2024-07-15 08:05:00+00:00,2024,LONG,-1,1,1,84.455000,84.564000,84.455000,84.492000,84.452000,0.112000,0.103822,0.087379,0.077643,0.070203,1.337174,1.478898,0.574586,0.195155,0.113636,8,2024-07-15 01:55:00+00:00,84.652000,2024-07-15 13:45:00+00:00,83.954000,DOWN,0.698000,0.457000,7.875547,0.229226,68,0.538000,2024-07-15 11:15:00+00:00,True,FALSE,2024-07-15 08:10:00+00:00,84.529000,2024-07-15 11:15:00+00:00,84.342000,-0.187000,0.000000,-0.187000
2024-08-05 16:55:00+00:00,2024,SHORT,1,-1,1,76.187000,76.187000,76.097000,76.099000,76.177000,0.090000,0.172303,0.207896,0.225312,0.213476,0.764729,0.807132,1.000000,0.022613,0.201989,16,2024-08-05 09:10:00+00:00,74.988000,2024-08-06 00:45:00+00:00,77.636000,UP,2.648000,2.099000,9.998652,0.419562,68,1.537000,2024-08-05 18:25:00+00:00,True,FALSE,2024-08-05 17:00:00+00:00,76.098000,2024-08-05 18:25:00+00:00,76.529000,-0.431000,0.000000,-0.431000
2024-08-08 14:35:00+00:00,2024,LONG,-1,1,1,78.390000,78.522000,78.370000,78.492000,78.384000,0.152000,0.189889,0.180267,0.170357,0.132744,1.114652,1.430488,0.473684,0.465909,0.095962,14,2024-08-08 09:45:00+00:00,77.457000,2024-08-08 17:55:00+00:00,79.070000,UP,1.613000,0.441000,10.913923,0.641662,40,,2024-08-08 21:15:00+00:00,False,TURNED,2024-08-08 14:40:00+00:00,78.523000,2024-08-08 21:15:00+00:00,78.686000,0.163000,-0.008606,0.154394
2024-08-12 08:25:00+00:00,2024,SHORT,1,-1,1,79.851000,79.919000,79.775000,79.789000,79.849000,0.144000,0.098200,0.081061,0.072372,0.070074,1.356888,1.401378,0.134851,0.022107,0.164683,8,2024-08-12 00:00:00+00:00,79.138000,2024-08-12 18:20:00+00:00,81.836000,UP,2.698000,0.761000,51.501463,0.241290,119,2.047000,2024-08-12 09:55:00+00:00,True,FALSE,2024-08-12 08:30:00+00:00,79.779000,2024-08-12 09:55:00+00:00,80.049000,-0.270000,0.000000,-0.270000
2024-08-23 12:40:00+00:00,2024,SHORT,1,-1,1,77.705000,77.707000,77.636000,77.637000,77.700000,0.071000,0.089642,0.087702,0.085688,0.078373,1.046138,1.143781,0.966997,0.139971,0.291751,12,2024-08-22 19:20:00+00:00,76.471000,2024-08-26 14:10:00+00:00,80.574000,UP,4.103000,0.623000,48.378886,0.284182,294,2.937000,2024-08-23 14:05:00+00:00,True,FALSE,2024-08-23 12:45:00+00:00,77.641000,2024-08-23 14:05:00+00:00,77.987000,-0.346000,0.000000,-0.346000
2024-09-03 05:30:00+00:00,2024,LONG,-1,1,1,77.028000,77.198000,77.028000,77.166000,77.026000,0.172000,0.059487,0.052258,0.054492,0.082715,1.091667,0.719181,0.266932,0.192090,0.122581,5,2024-09-03 01:40:00+00:00,76.940000,2024-09-03 07:15:00+00:00,77.319000,UP,0.379000,4.706000,5.069875,0.596306,21,,2024-09-03 07:35:00+00:00,False,TURNED,2024-09-03 05:35:00+00:00,77.212000,2024-09-03 07:35:00+00:00,77.081000,-0.131000,0.000000,-0.131000
2024-09-05 04:20:00+00:00,2024,LONG,-1,1,1,72.767000,72.836000,72.757000,72.834000,72.768000,0.079000,0.049848,0.052677,0.056988,0.108614,0.874705,0.458945,0.520325,0.221945,0.159236,4,2024-09-04 20:35:00+00:00,72.257000,2024-09-05 14:45:00+00:00,73.896000,UP,1.639000,1.547000,20.821536,0.352044,125,,2024-09-05 05:50:00+00:00,True,LATE,2024-09-05 04:25:00+00:00,72.879000,2024-09-05 05:50:00+00:00,72.728000,-0.151000,0.000000,-0.151000
2024-10-17 15:00:00+00:00,2024,LONG,-1,1,1,74.004000,74.364000,73.939000,74.257000,74.007000,0.425000,0.189649,0.170041,0.159349,0.119790,1.190147,1.583181,0.261297,0.004619,0.215394,15,2024-10-17 06:55:00+00:00,73.655000,2024-10-18 06:30:00+00:00,74.609000,UP,0.954000,2.335000,11.622957,0.631027,159,,2024-10-17 16:15:00+00:00,True,LATE,2024-10-17 15:05:00+00:00,74.292000,2024-10-17 16:15:00+00:00,73.728000,-0.564000,0.000000,-0.564000
2024-10-23 13:00:00+00:00,2024,LONG,-1,1,1,74.526000,74.674000,74.377000,74.664000,74.521000,0.297000,0.136028,0.128201,0.124487,0.099546,1.092707,1.366482,0.227191,0.229765,0.387170,13,2024-10-23 11:15:00+00:00,74.151000,2024-10-23 14:15:00+00:00,75.312000,UP,1.161000,0.659000,9.187462,0.441860,15,,2024-10-23 14:35:00+00:00,False,TURNED,2024-10-23 13:05:00+00:00,74.690000,2024-10-23 14:35:00+00:00,74.835000,0.145000,0.000000,0.145000
2024-11-07 15:55:00+00:00,2024,LONG,-1,1,1,74.516000,74.796000,74.456000,74.756000,74.515000,0.340000,0.211363,0.200377,0.188561,0.134227,1.120927,1.574669,0.610542,0.135514,0.200000,15,2024-11-07 11:40:00+00:00,74.041000,2024-11-07 18:30:00+00:00,75.834000,UP,1.793000,2.425000,16.545979,0.398773,31,,2024-11-07 19:40:00+00:00,False,TURNED,2024-11-07 16:00:00+00:00,74.794000,2024-11-07 19:40:00+00:00,75.410000,0.616000,0.000000,0.616000
2024-12-04 15:05:00+00:00,2024,SHORT,1,-1,1,73.634000,73.634000,73.463000,73.473000,73.633000,0.171000,0.153287,0.139874,0.130599,0.093360,1.173725,1.641892,0.449768,0.355705,0.133811,15,2024-12-04 10:00:00+00:00,74.105000,2024-12-05 06:25:00+00:00,72.117000,DOWN,1.988000,0.616000,20.572444,0.317907,157,,2024-12-05 07:10:00+00:00,False,EARLY,2024-12-04 15:10:00+00:00,73.474000,2024-12-05 07:10:00+00:00,72.306000,1.168000,-0.008053,1.159947
2024-12-10 10:25:00+00:00,2024,SHORT,1,-1,1,71.858000,71.871000,71.680000,71.681000,71.852000,0.191000,0.101892,0.094925,0.088341,0.068207,1.153399,1.493863,0.173585,0.427527,0.288775,10,2024-12-09 15:40:00+00:00,72.501000,2024-12-10 11:00:00+00:00,71.445000,DOWN,1.056000,1.110000,9.966453,0.776515,7,,2024-12-10 12:10:00+00:00,False,TURNED,2024-12-10 10:30:00+00:00,71.670000,2024-12-10 12:10:00+00:00,71.844000,-0.174000,0.000000,-0.174000
2024-12-26 14:55:00+00:00,2024,SHORT,1,-1,1,73.618000,73.634000,73.432000,73.456000,73.627000,0.202000,0.099704,0.086344,0.078338,0.062540,1.272747,1.594237,0.534368,0.185283,0.151174,14,2024-12-26 13:30:00+00:00,73.733000,2024-12-26 19:20:00+00:00,72.663000,DOWN,1.070000,1.250000,17.981784,0.258879,53,,2024-12-26 21:55:00+00:00,False,EARLY,2024-12-26 15:00:00+00:00,73.466000,2024-12-26 21:55:00+00:00,72.907000,0.559000,-0.008052,0.550948
2025-01-08 13:45:00+00:00,2025,SHORT,1,-1,1,77.049000,77.063000,76.883000,76.883000,77.043000,0.180000,0.119283,0.117491,0.115770,0.088968,1.030341,1.340741,0.386957,0.297593,0.164557,13,2025-01-08 08:35:00+00:00,77.616000,2025-01-09 01:35:00+00:00,75.532000,DOWN,2.084000,4.721000,26.080010,0.351727,114,,2025-01-09 03:15:00+00:00,False,TURNED,2025-01-08 13:50:00+00:00,76.894000,2025-01-09 03:15:00+00:00,75.857000,1.037000,-0.008428,1.028572
2025-01-28 12:00:00+00:00,2025,LONG,-1,1,1,76.730000,76.805000,76.694000,76.789000,76.719000,0.111000,0.094064,0.099506,0.099311,0.088949,0.947167,1.057503,0.624413,0.202822,0.231579,12,2025-01-27 17:00:00+00:00,75.596000,2025-01-28 14:05:00+00:00,77.157000,UP,1.561000,1.186000,8.757638,0.764254,25,,2025-01-28 14:35:00+00:00,False,TURNED,2025-01-28 12:05:00+00:00,76.829000,2025-01-28 14:35:00+00:00,76.626000,-0.203000,0.000000,-0.203000
2025-02-13 07:30:00+00:00,2025,SHORT,1,-1,1,74.293000,74.293000,74.165000,74.192000,74.292000,0.128000,0.082530,0.069074,0.063311,0.069665,1.303574,1.184679,0.146006,0.313993,0.111656,7,2025-02-12 07:10:00+00:00,76.701000,2025-02-13 10:30:00+00:00,73.901000,DOWN,2.800000,1.207000,65.931662,0.896071,36,,2025-02-13 07:50:00+00:00,True,LATE,2025-02-13 07:35:00+00:00,74.201000,2025-02-13 07:50:00+00:00,74.494000,-0.293000,0.000000,-0.293000
2025-02-20 09:50:00+00:00,2025,LONG,-1,1,1,75.801000,75.849000,75.758000,75.841000,75.798000,0.091000,0.088268,0.083642,0.077237,0.061178,1.142824,1.442814,0.530928,0.361640,0.075523,9,2025-02-20 04:35:00+00:00,75.439000,2025-02-20 17:35:00+00:00,76.745000,UP,1.306000,0.662000,40.264371,0.307810,93,,2025-02-20 18:20:00+00:00,False,EARLY,2025-02-20 09:55:00+00:00,75.883000,2025-02-20 18:20:00+00:00,76.424000,0.541000,0.000000,0.541000
2025-02-25 05:35:00+00:00,2025,SHORT,1,-1,1,74.680000,74.680000,74.639000,74.659000,74.681000,0.042000,0.030830,0.030491,0.033201,0.057395,0.928595,0.537155,0.538462,0.276018,0.060071,5,2025-02-25 02:30:00+00:00,74.767000,2025-02-25 17:20:00+00:00,72.281000,DOWN,2.486000,0.520000,44.315995,0.043443,141,,2025-02-25 08:25:00+00:00,True,EARLY,2025-02-25 05:40:00+00:00,74.665000,2025-02-25 08:25:00+00:00,74.600000,0.065000,0.000000,0.065000
2025-03-14 00:10:00+00:00,2025,SHORT,1,-1,1,69.798000,69.802000,69.751000,69.781000,69.804000,0.053000,0.043490,0.049103,0.056695,0.082574,0.767093,0.526681,0.670330,0.188060,0.309677,0,2025-03-13 17:45:00+00:00,69.493000,2025-03-14 08:50:00+00:00,70.471000,UP,0.978000,0.756000,8.066208,0.294479,104,0.690000,2025-03-14 00:50:00+00:00,True,FALSE,2025-03-14 00:15:00+00:00,69.778000,2025-03-14 00:50:00+00:00,69.963000,-0.185000,0.000000,-0.185000
2025-03-18 00:10:00+00:00,2025,LONG,-1,1,1,70.639000,70.710000,70.639000,70.710000,70.640000,0.071000,0.045142,0.042050,0.046036,0.067537,0.980580,0.668398,0.280702,0.094595,0.069124,0,2025-03-17 21:50:00+00:00,70.595000,2025-03-18 10:15:00+00:00,71.805000,UP,1.210000,2.159000,35.481609,0.095041,121,,2025-03-18 11:25:00+00:00,False,EARLY,2025-03-18 00:15:00+00:00,70.746000,2025-03-18 11:25:00+00:00,71.473000,0.727000,0.000000,0.727000
2025-03-25 11:50:00+00:00,2025,LONG,-1,1,1,72.874000,72.956000,72.858000,72.954000,72.884000,0.098000,0.057140,0.057484,0.057687,0.055982,0.990517,1.020677,1.000000,0.315914,0.110783,11,2025-03-25 06:15:00+00:00,72.246000,2025-03-25 13:40:00+00:00,72.963000,UP,0.717000,0.996000,15.989677,0.987448,22,,2025-03-25 14:25:00+00:00,False,TURNED,2025-03-25 11:55:00+00:00,72.992000,2025-03-25 14:25:00+00:00,72.802000,-0.190000,0.000000,-0.190000
2025-03-31 01:20:00+00:00,2025,LONG,-1,1,1,72.502000,72.621000,72.492000,72.601000,72.493000,0.129000,0.097038,0.089293,0.084278,0.078063,1.151403,1.243060,0.537797,0.092762,0.100660,1,2025-03-31 00:35:00+00:00,72.293000,2025-03-31 08:10:00+00:00,73.471000,UP,1.178000,0.710000,14.148649,0.261460,82,,2025-03-31 07:05:00+00:00,True,EARLY,2025-03-31 01:25:00+00:00,72.634000,2025-03-31 07:05:00+00:00,72.527000,-0.107000,0.000000,-0.107000
2025-04-04 01:00:00+00:00,2025,SHORT,1,-1,1,69.732000,69.782000,69.561000,69.643000,69.722000,0.221000,0.079360,0.069516,0.070299,0.110889,1.128891,0.715671,1.000000,0.130435,0.044248,1,2025-04-04 00:00:00+00:00,69.924000,2025-04-04 14:45:00+00:00,64.080000,DOWN,5.844000,2.253000,91.354182,0.048084,165,,2025-04-04 05:50:00+00:00,True,EARLY,2025-04-04 01:05:00+00:00,69.642000,2025-04-04 05:50:00+00:00,69.464000,0.178000,0.000000,0.178000
2025-04-11 00:00:00+00:00,2025,SHORT,1,-1,1,62.868000,62.902000,62.701000,62.791000,63.174000,0.473000,0.107632,0.107378,0.123376,0.192280,0.872389,0.559768,0.712644,0.477361,0.438785,0,2025-04-10 19:50:00+00:00,63.440000,2025-04-11 02:10:00+00:00,62.542000,DOWN,0.898000,1.437000,4.708038,0.722717,26,,2025-04-11 05:15:00+00:00,False,TURNED,2025-04-11 00:05:00+00:00,62.789000,2025-04-11 05:15:00+00:00,63.218000,-0.429000,0.000000,-0.429000
2025-04-16 04:45:00+00:00,2025,LONG,-1,1,1,64.101000,64.162000,64.101000,64.148000,64.098000,0.064000,0.040322,0.042476,0.045208,0.071321,0.891925,0.565355,0.858824,0.325228,0.291925,4,2025-04-15 20:50:00+00:00,64.451000,2025-04-16 05:55:00+00:00,63.363000,DOWN,1.088000,2.809000,19.726262,0.278493,14,0.785000,2025-04-16 05:15:00+00:00,True,FALSE,2025-04-16 04:50:00+00:00,64.196000,2025-04-16 05:15:00+00:00,63.984000,-0.212000,0.000000,-0.212000
2025-05-14 12:50:00+00:00,2025,LONG,-1,1,1,65.730000,65.785000,65.714000,65.785000,65.735000,0.071000,0.071102,0.074766,0.076594,0.073165,0.928297,0.971812,0.802575,0.065990,0.156322,12,2025-05-14 10:05:00+00:00,65.482000,2025-05-14 14:30:00+00:00,66.203000,UP,0.721000,2.933000,7.620254,0.420250,20,,2025-05-14 14:40:00+00:00,False,TURNED,2025-05-14 12:55:00+00:00,65.822000,2025-05-14 14:40:00+00:00,65.774000,-0.048000,0.000000,-0.048000
2025-05-20 01:00:00+00:00,2025,SHORT,1,-1,1,65.040000,65.051000,64.910000,64.961000,65.047000,0.141000,0.059276,0.053937,0.057315,0.085054,1.034216,0.696920,0.888889,0.017013,0.013867,1,2025-05-20 00:05:00+00:00,65.187000,2025-05-20 07:40:00+00:00,64.511000,DOWN,0.676000,1.576000,13.239952,0.334320,80,,2025-05-20 06:55:00+00:00,True,LATE,2025-05-20 01:05:00+00:00,64.957000,2025-05-20 06:55:00+00:00,65.006000,-0.049000,0.000000,-0.049000
2025-05-23 05:20:00+00:00,2025,LONG,-1,1,1,63.664000,63.711000,63.650000,63.701000,63.671000,0.061000,0.049524,0.047831,0.048104,0.069826,1.029516,0.709246,0.803681,0.032641,0.197505,5,2025-05-22 19:00:00+00:00,64.090000,2025-05-23 07:35:00+00:00,63.454000,DOWN,0.636000,0.724000,8.192580,0.611635,27,0.247000,2025-05-23 06:10:00+00:00,True,FALSE,2025-05-23 05:25:00+00:00,63.737000,2025-05-23 06:10:00+00:00,63.569000,-0.168000,0.000000,-0.168000
2025-05-23 09:00:00+00:00,2025,LONG,-1,1,1,63.525000,63.848000,63.511000,63.804000,63.531000,0.337000,0.143273,0.118403,0.104798,0.079803,1.367139,1.795336,0.483871,0.298462,0.210849,9,2025-05-23 07:35:00+00:00,63.454000,2025-05-23 11:00:00+00:00,64.178000,UP,0.724000,1.178000,9.428122,0.483425,24,,2025-05-23 11:45:00+00:00,False,TURNED,2025-05-23 09:05:00+00:00,63.840000,2025-05-23 11:45:00+00:00,63.677000,-0.163000,0.000000,-0.163000
2025-05-26 07:55:00+00:00,2025,LONG,-1,1,1,64.457000,64.523000,64.447000,64.513000,64.463000,0.076000,0.082845,0.073845,0.068640,0.076398,1.206939,1.084375,0.362025,0.191011,0.170183,7,2025-05-26 02:55:00+00:00,64.239000,2025-05-26 08:35:00+00:00,64.684000,UP,0.445000,0.726000,6.588725,0.615730,8,,2025-05-26 09:35:00+00:00,False,TURNED,2025-05-26 08:00:00+00:00,64.554000,2025-05-26 09:35:00+00:00,64.297000,-0.257000,0.000000,-0.257000
2025-06-03 10:50:00+00:00,2025,LONG,-1,1,1,64.677000,64.747000,64.667000,64.716000,64.666000,0.081000,0.076728,0.083452,0.085067,0.082650,0.901973,0.928348,0.810169,0.073746,0.142232,10,2025-06-03 10:00:00+00:00,64.380000,2025-06-03 17:45:00+00:00,65.777000,UP,1.397000,0.586000,14.299680,0.240515,83,,2025-06-03 13:10:00+00:00,True,EARLY,2025-06-03 10:55:00+00:00,64.758000,2025-06-03 13:10:00+00:00,65.004000,0.246000,0.000000,0.246000
2025-06-20 04:15:00+00:00,2025,LONG,-1,1,1,75.926000,76.101000,75.898000,76.071000,75.929000,0.203000,0.096223,0.103233,0.118373,0.165356,0.812879,0.581914,0.867403,0.504644,0.331140,4,2025-06-19 16:55:00+00:00,77.593000,2025-06-20 11:45:00+00:00,74.878000,DOWN,2.715000,4.025000,12.014169,0.560589,90,1.193000,2025-06-20 05:45:00+00:00,True,FALSE,2025-06-20 04:20:00+00:00,76.115000,2025-06-20 05:45:00+00:00,75.703000,-0.412000,0.000000,-0.412000
2025-07-01 13:15:00+00:00,2025,SHORT,1,-1,1,66.989000,67.019000,66.919000,66.940000,66.990000,0.100000,0.127151,0.116503,0.111185,0.087384,1.143603,1.455077,0.345345,0.134295,0.208297,13,2025-07-01 02:35:00+00:00,66.298000,2025-07-01 20:10:00+00:00,67.305000,UP,1.007000,0.454000,20.195158,0.637537,83,0.365000,2025-07-01 16:00:00+00:00,True,FALSE,2025-07-01 13:20:00+00:00,66.930000,2025-07-01 16:00:00+00:00,67.171000,-0.241000,0.000000,-0.241000
2025-07-21 01:00:00+00:00,2025,LONG,-1,1,1,68.742000,68.870000,68.668000,68.831000,68.749000,0.202000,0.071837,0.059467,0.057700,0.079326,1.245000,0.905590,0.728507,0.203620,0.097436,1,2025-07-18 17:45:00+00:00,68.623000,2025-07-21 05:40:00+00:00,68.949000,UP,0.326000,1.027000,3.081996,0.638037,56,,2025-07-21 02:40:00+00:00,True,LATE,2025-07-21 01:05:00+00:00,68.874000,2025-07-21 02:40:00+00:00,68.627000,-0.247000,0.000000,-0.247000
2025-07-30 03:50:00+00:00,2025,LONG,-1,1,1,71.684000,71.704000,71.684000,71.703000,71.673000,0.031000,0.055905,0.056469,0.060039,0.081923,0.931146,0.682411,0.698492,0.005263,0.020638,3,2025-07-29 18:50:00+00:00,72.124000,2025-07-30 06:00:00+00:00,71.511000,DOWN,0.613000,0.637000,3.358098,0.686786,26,0.192000,2025-07-30 05:30:00+00:00,True,FALSE,2025-07-30 03:55:00+00:00,71.738000,2025-07-30 05:30:00+00:00,71.682000,-0.056000,0.000000,-0.056000
2025-08-12 03:05:00+00:00,2025,LONG,-1,1,1,66.496000,66.618000,66.496000,66.598000,66.494000,0.124000,0.055569,0.051734,0.051323,0.071735,1.082729,0.774646,0.582418,0.353191,0.434211,3,2025-08-12 01:20:00+00:00,66.334000,2025-08-12 06:25:00+00:00,66.697000,UP,0.363000,0.978000,6.753102,0.727273,40,,2025-08-12 06:15:00+00:00,True,LATE,2025-08-12 03:10:00+00:00,66.626000,2025-08-12 06:15:00+00:00,66.539000,-0.087000,0.000000,-0.087000
2025-09-03 14:00:00+00:00,2025,SHORT,1,-1,1,67.752000,67.752000,67.455000,67.526000,67.757000,0.302000,0.160686,0.140445,0.132518,0.095622,1.212560,1.680427,0.871951,0.377902,0.087669,14,2025-09-02 16:50:00+00:00,69.143000,2025-09-04 14:00:00+00:00,66.442000,DOWN,2.701000,0.573000,26.257345,0.598667,264,,2025-09-03 15:55:00+00:00,True,LATE,2025-09-03 14:05:00+00:00,67.525000,2025-09-03 15:55:00+00:00,67.977000,-0.452000,0.000000,-0.452000
2025-10-29 09:35:00+00:00,2025,LONG,-1,1,1,63.839000,63.907000,63.772000,63.897000,63.835000,0.135000,0.124371,0.118007,0.108859,0.083853,1.142493,1.483194,0.835206,0.628154,0.044797,9,2025-10-29 08:25:00+00:00,63.424000,2025-10-29 15:05:00+00:00,64.625000,UP,1.201000,1.043000,10.949853,0.393838,66,,2025-10-29 12:25:00+00:00,True,LATE,2025-10-29 09:40:00+00:00,63.939000,2025-10-29 12:25:00+00:00,63.831000,-0.108000,0.000000,-0.108000
2025-11-10 09:40:00+00:00,2025,LONG,-1,1,1,64.055000,64.174000,64.042000,64.159000,64.060000,0.132000,0.100006,0.095556,0.088188,0.069376,1.134015,1.441498,0.789116,0.073292,0.179785,9,2025-11-10 09:40:00+00:00,64.159000,2025-11-10 16:35:00+00:00,63.265000,DOWN,0.894000,0.679000,9.355723,-0.000000,83,0.894000,2025-11-10 10:35:00+00:00,True,FALSE,2025-11-10 09:45:00+00:00,64.174000,2025-11-10 10:35:00+00:00,63.772000,-0.402000,0.000000,-0.402000
2025-12-02 07:50:00+00:00,2025,SHORT,1,-1,1,63.142000,63.189000,63.037000,63.071000,63.147000,0.152000,0.078872,0.063197,0.054977,0.053036,1.434640,1.487148,0.156146,0.123232,0.059908,7,2025-12-01 21:50:00+00:00,63.285000,2025-12-02 14:50:00+00:00,62.176000,DOWN,1.109000,0.590000,27.038829,0.192967,84,,2025-12-02 15:10:00+00:00,False,EARLY,2025-12-02 07:55:00+00:00,63.048000,2025-12-02 15:10:00+00:00,62.810000,0.238000,0.000000,0.238000
2025-12-17 12:30:00+00:00,2025,SHORT,1,-1,1,59.857000,59.867000,59.734000,59.762000,59.861000,0.133000,0.079121,0.081729,0.085821,0.080120,0.921934,0.987526,0.413793,0.541219,0.311983,12,2025-12-17 10:50:00+00:00,60.138000,2025-12-17 15:50:00+00:00,59.455000,DOWN,0.683000,1.035000,6.275181,0.550512,40,,2025-12-17 15:30:00+00:00,True,LATE,2025-12-17 12:35:00+00:00,59.762000,2025-12-17 15:30:00+00:00,59.828000,-0.066000,0.000000,-0.066000
